ADM3_PT,ADM3_PCODE,ADM3_REF,ADM3ALT1_PT,ADM3ALT2_PT,ADM2_PT,ADM2_PCODE,ADM1_PT,ADM1_PCODE,ADM0_EN,ADM0_PT,ADM0_PCODE,DATE,VALIDON,VALIDTO,AREA_SQKM
7 De Abril,MZ070901,,,,Meconta,MZ0709,Nampula,MZ07,Mozambique,Moçambique,MZ,2019-04-02 00:00:00,2019-06-07 00:00:00,,552.903625488281
Alto Changane,MZ020201,,,,Chibuto,MZ0202,Gaza,MZ02,Mozambique,Moçambique,MZ,2019-04-02 00:00:00,2019-06-07 00:00:00,,2601.8525390625
Alto Ligonha,MZ110501,,,,Gile,MZ1105,Zambezia,MZ11,Mozambique,Moçambique,MZ,2019-04-02 00:00:00,2019-06-07 00:00:00,,3900.626953125
Alto Molocue,MZ110101,,,,Alto Molocue,MZ1101,Zambezia,MZ11,Mozambique,Moçambique,MZ,2019-04-02 00:00:00,2019-06-07 00:00:00,,3738.8447265625
Alua,MZ070301,,,,Erati,MZ0703,Nampula,MZ07,Mozambique,Moçambique,MZ,2019-04-02 00:00:00,2019-06-07 00:00:00,,1913.13134765625
Amatongas,MZ040301,,,,Gondola,MZ0403,Manica,MZ04,Mozambique,Moçambique,MZ,2019-04-02 00:00:00,2019-06-07 00:00:00,,837.543762207031
Anchilo,MZ072201,,,,Rapale,MZ0722,Nampula,MZ07,Mozambique,Moçambique,MZ,2019-04-02 00:00:00,2019-06-07 00:00:00,,1317.40368652344
Ancuabe,MZ010101,,,,Ancuabe,MZ0101,Cabo Delgado,MZ01,Mozambique,Moçambique,MZ,2019-04-02 00:00:00,2019-06-07 00:00:00,,2089.83862304688
Angoche,MZ070101,,,,Angoche,MZ0701,Nampula,MZ07,Mozambique,Moçambique,MZ,2019-04-02 00:00:00,2019-06-07 00:00:00,,473.804779052734
Aube,MZ070102,,,,Angoche,MZ0701,Nampula,MZ07,Mozambique,Moçambique,MZ,2019-04-02 00:00:00,2019-06-07 00:00:00,,551.611633300781
Bajone,MZ111501,,,,Mocubela,MZ1115,Zambezia,MZ11,Mozambique,Moçambique,MZ,2019-04-02 00:00:00,2019-06-07 00:00:00,,1348.08715820313
Balama,MZ010201,,,,Balama,MZ0102,Cabo Delgado,MZ01,Mozambique,Moçambique,MZ,2019-04-02 00:00:00,2019-06-07 00:00:00,,971.495788574219
Bazaruto,MZ030601,,,,Inhassoro,MZ0306,Inhambane,MZ03,Mozambique,Moçambique,MZ,2019-04-02 00:00:00,2019-06-07 00:00:00,,100.211357116699
Bazua,MZ041101,,,,Tambara,MZ0411,Manica,MZ04,Mozambique,Moçambique,MZ,2019-04-02 00:00:00,2019-06-07 00:00:00,,1980.29040527344
Bela Vista,MZ050601,,,,Matutuine,MZ0506,Maputo,MZ05,Mozambique,Moçambique,MZ,2019-04-02 00:00:00,2019-06-07 00:00:00,,2625.20434570313
Bilibiza,MZ011801,,,,Quissanga,MZ0118,Cabo Delgado,MZ01,Mozambique,Moçambique,MZ,2019-04-02 00:00:00,2019-06-07 00:00:00,,787.246643066406
Boane,MZ050101,,,,Boane,MZ0501,Maputo,MZ05,Mozambique,Moçambique,MZ,2019-04-02 00:00:00,2019-06-07 00:00:00,,599.030456542969
Boila,MZ070103,,,,Angoche,MZ0701,Nampula,MZ07,Mozambique,Moçambique,MZ,2019-04-02 00:00:00,2019-06-07 00:00:00,,1252.90869140625
Buzi,MZ090101,,,,Buzi,MZ0901,Sofala,MZ09,Mozambique,Moçambique,MZ,2019-04-02 00:00:00,2019-06-07 00:00:00,,3417.81176757813
Cafumpe,MZ040302,,,,Gondola,MZ0403,Manica,MZ04,Mozambique,Moçambique,MZ,2019-04-02 00:00:00,2019-06-07 00:00:00,,774.953186035156
Caia,MZ090201,,,,Caia,MZ0902,Sofala,MZ09,Mozambique,Moçambique,MZ,2019-04-02 00:00:00,2019-06-07 00:00:00,,2014.06884765625
Calanga,MZ050401,,,,Manhiça,MZ0504,Maputo,MZ05,Mozambique,Moçambique,MZ,2019-04-02 00:00:00,2019-06-07 00:00:00,,589.15380859375
Calipo,MZ071301,,,,Mogovolas,MZ0713,Nampula,MZ07,Mozambique,Moçambique,MZ,2019-04-02 00:00:00,2019-06-07 00:00:00,,1085.46252441406
Campo,MZ111701,,,,Mopeia,MZ1117,Zambezia,MZ11,Mozambique,Moçambique,MZ,2019-04-02 00:00:00,2019-06-07 00:00:00,,3668.17065429688
Caniçado,MZ020801,Canicado,,,Guija,MZ0208,Gaza,MZ02,Mozambique,Moçambique,MZ,2019-04-02 00:00:00,2019-06-07 00:00:00,,28.7810344696045
Canxixe,MZ091001,,,,Maringue,MZ0910,Sofala,MZ09,Mozambique,Moçambique,MZ,2019-04-02 00:00:00,2019-06-07 00:00:00,,1684.1279296875
Catandica,MZ040101,,,,Barue,MZ0401,Manica,MZ04,Mozambique,Moçambique,MZ,2019-04-02 00:00:00,2019-06-07 00:00:00,,2955.47875976563
Catuane,MZ050602,,,,Matutuine,MZ0506,Maputo,MZ05,Mozambique,Moçambique,MZ,2019-04-02 00:00:00,2019-06-07 00:00:00,,1259.24340820313
Chai,MZ010601,,,,Macomia,MZ0106,Cabo Delgado,MZ01,Mozambique,Moçambique,MZ,2019-04-02 00:00:00,2019-06-07 00:00:00,,1053.79431152344
Chaimite,MZ020202,,,,Chibuto,MZ0202,Gaza,MZ02,Mozambique,Moçambique,MZ,2019-04-02 00:00:00,2019-06-07 00:00:00,,522.393676757813
Chalaua,MZ071401,,,,Moma,MZ0714,Nampula,MZ07,Mozambique,Moçambique,MZ,2019-04-02 00:00:00,2019-06-07 00:00:00,,1400.35949707031
Changalane,MZ050801,,,,Namaacha,MZ0508,Maputo,MZ05,Mozambique,Moçambique,MZ,2019-04-02 00:00:00,2019-06-07 00:00:00,,778.677917480469
Changanine,MZ020203,,,,Chibuto,MZ0202,Gaza,MZ02,Mozambique,Moçambique,MZ,2019-04-02 00:00:00,2019-06-07 00:00:00,,1388.60913085938
Chapa,MZ011201,,,,Mueda,MZ0112,Cabo Delgado,MZ01,Mozambique,Moçambique,MZ,2019-04-02 00:00:00,2019-06-07 00:00:00,,2032.7177734375
Charre,MZ101301,,,,Mutarara,MZ1013,Tete,MZ10,Mozambique,Moçambique,MZ,2019-04-02 00:00:00,2019-06-07 00:00:00,,626.905639648438
Chemba,MZ090301,,,,Chemba,MZ0903,Sofala,MZ09,Mozambique,Moçambique,MZ,2019-04-02 00:00:00,2019-06-07 00:00:00,,1136.02294921875
Chibabava,MZ090501,,,,Chibabava,MZ0905,Sofala,MZ09,Mozambique,Moçambique,MZ,2019-04-02 00:00:00,2019-06-07 00:00:00,,1023.24487304688
Chibonzane,MZ021101,,,,Mandlakaze,MZ0211,Gaza,MZ02,Mozambique,Moçambique,MZ,2019-04-02 00:00:00,2019-06-07 00:00:00,,938.204528808594
Chibuto,MZ020204,,,,Chibuto,MZ0202,Gaza,MZ02,Mozambique,Moçambique,MZ,2019-04-02 00:00:00,2019-06-07 00:00:00,,47.3505554199219
Chicomo,MZ030901,,,,Massinga,MZ0309,Inhambane,MZ03,Mozambique,Moçambique,MZ,2019-04-02 00:00:00,2019-06-07 00:00:00,,5343.22021484375
Chiconono,MZ081601,,,,Muembe,MZ0816,Niassa,MZ08,Mozambique,Moçambique,MZ,2019-04-02 00:00:00,2019-06-07 00:00:00,,4097.138671875
Chicumbane,MZ020901,,,,Limpopo,MZ0209,Gaza,MZ02,Mozambique,Moçambique,MZ,2019-04-02 00:00:00,2019-06-07 00:00:00,,563.780822753906
Chidenguele,MZ021102,,,,Mandlakaze,MZ0211,Gaza,MZ02,Mozambique,Moçambique,MZ,2019-04-02 00:00:00,2019-06-07 00:00:00,,719.800415039063
Chidzolomondo,MZ100801,,,,Macanga,MZ1008,Tete,MZ10,Mozambique,Moçambique,MZ,2019-04-02 00:00:00,2019-06-07 00:00:00,,1860.47705078125
Chifunde,MZ100401,,,,Chifunde,MZ1004,Tete,MZ10,Mozambique,Moçambique,MZ,2019-04-02 00:00:00,2019-06-07 00:00:00,,3319.078125
Chigubo,MZ020401,,,,Chigubo,MZ0204,Gaza,MZ02,Mozambique,Moçambique,MZ,2019-04-02 00:00:00,2019-06-07 00:00:00,,3695.22631835938
Chihulo,MZ070801,,,,Malema,MZ0708,Nampula,MZ07,Mozambique,Moçambique,MZ,2019-04-02 00:00:00,2019-06-07 00:00:00,,1686.59460449219
Chimbonila,MZ080101,,,,Chimbonila,MZ0801,Niassa,MZ08,Mozambique,Moçambique,MZ,2019-04-02 00:00:00,2019-06-07 00:00:00,,3723.93408203125
Chinde,MZ110201,,,,Chinde,MZ1102,Zambezia,MZ11,Mozambique,Moçambique,MZ,2019-04-02 00:00:00,2019-06-07 00:00:00,,1024.63208007813
Chinga,MZ071801,,,,Murrupula,MZ0718,Nampula,MZ07,Mozambique,Moçambique,MZ,2019-04-02 00:00:00,2019-06-07 00:00:00,,571.788818359375
Chintholo,MZ100201,,,,Cahora Bassa,MZ1002,Tete,MZ10,Mozambique,Moçambique,MZ,2019-04-02 00:00:00,2019-06-07 00:00:00,,5131.40185546875
Chinthopo,MZ100901,,,,Magoe,MZ1009,Tete,MZ10,Mozambique,Moçambique,MZ,2019-04-02 00:00:00,2019-06-07 00:00:00,,3055.21630859375
Chipembere,MZ100301,,,,Changara,MZ1003,Tete,MZ10,Mozambique,Moçambique,MZ,2019-04-02 00:00:00,2019-06-07 00:00:00,,3900.79248046875
Chipene,MZ071101,,,,Memba,MZ0711,Nampula,MZ07,Mozambique,Moçambique,MZ,2019-04-02 00:00:00,2019-06-07 00:00:00,,783.898742675781
Chipera,MZ101101,,,,Maravia,MZ1011,Tete,MZ10,Mozambique,Moçambique,MZ,2019-04-02 00:00:00,2019-06-07 00:00:00,,2875.03735351563
Chiputu,MZ101102,,,,Maravia,MZ1011,Tete,MZ10,Mozambique,Moçambique,MZ,2019-04-02 00:00:00,2019-06-07 00:00:00,,3762.25463867188
Chiramba,MZ090302,,,,Chemba,MZ0903,Sofala,MZ09,Mozambique,Moçambique,MZ,2019-04-02 00:00:00,2019-06-07 00:00:00,,1242.92810058594
Chire,MZ111801,,,,Morrumbala,MZ1118,Zambezia,MZ11,Mozambique,Moçambique,MZ,2019-04-02 00:00:00,2019-06-07 00:00:00,,3333.96435546875
Chissano,MZ020902,,,,Limpopo,MZ0209,Gaza,MZ02,Mozambique,Moçambique,MZ,2019-04-02 00:00:00,2019-06-07 00:00:00,,517.504272460938
Chitima,MZ100202,,,,Cahora Bassa,MZ1002,Tete,MZ10,Mozambique,Moçambique,MZ,2019-04-02 00:00:00,2019-06-07 00:00:00,,3120.65844726563
Chitobe,MZ040601,,,,Machaze,MZ0406,Manica,MZ04,Mozambique,Moçambique,MZ,2019-04-02 00:00:00,2019-06-07 00:00:00,,8260.50390625
Chitunda,MZ011301,,,,Muidumbe,MZ0113,Cabo Delgado,MZ01,Mozambique,Moçambique,MZ,2019-04-02 00:00:00,2019-06-07 00:00:00,,525.727294921875
Chiurairue,MZ040901,,,,Mossurize,MZ0409,Manica,MZ04,Mozambique,Moçambique,MZ,2019-04-02 00:00:00,2019-06-07 00:00:00,,2122.34985351563
Chiure,MZ010301,,,,Chiure,MZ0103,Cabo Delgado,MZ01,Mozambique,Moçambique,MZ,2019-04-02 00:00:00,2019-06-07 00:00:00,,620.912292480469
Chiure Velho,MZ010302,,,,Chiure,MZ0103,Cabo Delgado,MZ01,Mozambique,Moçambique,MZ,2019-04-02 00:00:00,2019-06-07 00:00:00,,623.298522949219
Chiuta,MZ081301,,,,Mecanhelas,MZ0813,Niassa,MZ08,Mozambique,Moçambique,MZ,2019-04-02 00:00:00,2019-06-07 00:00:00,,2156.94409179688
Chivongoene,MZ020802,,,,Guija,MZ0208,Gaza,MZ02,Mozambique,Moçambique,MZ,2019-04-02 00:00:00,2019-06-07 00:00:00,,730.86474609375
Choa,MZ040102,,,,Barue,MZ0401,Manica,MZ04,Mozambique,Moçambique,MZ,2019-04-02 00:00:00,2019-06-07 00:00:00,,832.775512695313
Chokwe,MZ020501,,,,Chokwe,MZ0205,Gaza,MZ02,Mozambique,Moçambique,MZ,2019-04-02 00:00:00,2019-06-07 00:00:00,,51.0969352722168
Chongoene,MZ020601,,,,Chongoene,MZ0206,Gaza,MZ02,Mozambique,Moçambique,MZ,2019-04-02 00:00:00,2019-06-07 00:00:00,,747.079528808594
Chupanga,MZ091101,,,,Marromeu,MZ0911,Sofala,MZ09,Mozambique,Moçambique,MZ,2019-04-02 00:00:00,2019-06-07 00:00:00,,2000.52075195313
Cidade Da Beira,MZ090601,,,,Cidade Da Beira,MZ0906,Sofala,MZ09,Mozambique,Moçambique,MZ,2019-04-02 00:00:00,2019-06-07 00:00:00,,630.587890625
Cidade Da Matola,MZ050201,,,,Cidade Da Matola,MZ0502,Maputo,MZ05,Mozambique,Moçambique,MZ,2019-04-02 00:00:00,2019-06-07 00:00:00,,367.673400878906
Cidade De Chimoio,MZ040201,,,,Cidade De Chimoio,MZ0402,Manica,MZ04,Mozambique,Moçambique,MZ,2019-04-02 00:00:00,2019-06-07 00:00:00,,174.420791625977
Cidade De Inhambane,MZ030101,,,,Cidade De Inhambane,MZ0301,Inhambane,MZ03,Mozambique,Moçambique,MZ,2019-04-02 00:00:00,2019-06-07 00:00:00,,194.933166503906
Cidade De Lichinga,MZ080201,,,,Cidade De Lichinga,MZ0802,Niassa,MZ08,Mozambique,Moçambique,MZ,2019-04-02 00:00:00,2019-06-07 00:00:00,,256.431091308594
Cidade De Maputo,MZ060101,,,,Cidade De Maputo,MZ0601,Maputo City,MZ06,Mozambique,Moçambique,MZ,2019-04-02 00:00:00,2019-06-07 00:00:00,,347.023590087891
Cidade De Nampula,MZ070201,,,,Cidade De Nampula,MZ0702,Nampula,MZ07,Mozambique,Moçambique,MZ,2019-04-02 00:00:00,2019-06-07 00:00:00,,330.070098876953
Cidade De Pemba,MZ010401,,,,Cidade De Pemba,MZ0104,Cabo Delgado,MZ01,Mozambique,Moçambique,MZ,2019-04-02 00:00:00,2019-06-07 00:00:00,,100.349220275879
Cidade De Quelimane,MZ110301,,,,Cidade De Quelimane,MZ1103,Zambezia,MZ11,Mozambique,Moçambique,MZ,2019-04-02 00:00:00,2019-06-07 00:00:00,,121.66219329834
Cidade De Tete,MZ100601,,,,Cidade De Tete,MZ1006,Tete,MZ10,Mozambique,Moçambique,MZ,2019-04-02 00:00:00,2019-06-07 00:00:00,,287.278259277344
Cidade De Xai-Xai,MZ020701,,,,Cidade De Xai-Xai,MZ0207,Gaza,MZ02,Mozambique,Moçambique,MZ,2019-04-02 00:00:00,2019-06-07 00:00:00,,135.278015136719
Cobue,MZ080601,,,,Lago,MZ0806,Niassa,MZ08,Mozambique,Moçambique,MZ,2019-04-02 00:00:00,2019-06-07 00:00:00,,3517.498046875
Combomune,MZ021001,,,,Mabalane,MZ0210,Gaza,MZ02,Mozambique,Moçambique,MZ,2019-04-02 00:00:00,2019-06-07 00:00:00,,5119.4443359375
Corrane,MZ070902,,,,Meconta,MZ0709,Nampula,MZ07,Mozambique,Moçambique,MZ,2019-04-02 00:00:00,2019-06-07 00:00:00,,2316.55029296875
Covo,MZ072001,,,,Nacala-A-Velha,MZ0720,Nampula,MZ07,Mozambique,Moçambique,MZ,2019-04-02 00:00:00,2019-06-07 00:00:00,,288.039215087891
Cuamba,MZ080301,,,,Cuamba,MZ0803,Niassa,MZ08,Mozambique,Moçambique,MZ,2019-04-02 00:00:00,2019-06-07 00:00:00,,2159.587890625
Cumbana,MZ030701,,,,Jangamo,MZ0307,Inhambane,MZ03,Mozambique,Moçambique,MZ,2019-04-02 00:00:00,2019-06-07 00:00:00,,627.006225585938
Cunle,MZ072301,,,,Ribaue,MZ0723,Nampula,MZ07,Mozambique,Moçambique,MZ,2019-04-02 00:00:00,2019-06-07 00:00:00,,1424.25866699219
Dacata,MZ040902,,,,Mossurize,MZ0409,Manica,MZ04,Mozambique,Moçambique,MZ,2019-04-02 00:00:00,2019-06-07 00:00:00,,2380.47827148438
Derre,MZ110401,,,,Derre,MZ1104,Zambezia,MZ11,Mozambique,Moçambique,MZ,2019-04-02 00:00:00,2019-06-07 00:00:00,,4746.78857421875
Diaca,MZ011001,,,,Mocimboa Da Praia,MZ0110,Cabo Delgado,MZ01,Mozambique,Moçambique,MZ,2019-04-02 00:00:00,2019-06-07 00:00:00,,1020.01605224609
Dindiza,MZ020402,,,,Chigubo,MZ0204,Gaza,MZ02,Mozambique,Moçambique,MZ,2019-04-02 00:00:00,2019-06-07 00:00:00,,6424.8125
Divinhe,MZ090901,,,,Machanga,MZ0909,Sofala,MZ09,Mozambique,Moçambique,MZ,2019-04-02 00:00:00,2019-06-07 00:00:00,,1958.67919921875
Doa,MZ100701,,,,Doa,MZ1007,Tete,MZ10,Mozambique,Moçambique,MZ,2019-04-02 00:00:00,2019-06-07 00:00:00,,3634.09643554688
Dombe,MZ041001,,,,Sussundenga,MZ0410,Manica,MZ04,Mozambique,Moçambique,MZ,2019-04-02 00:00:00,2019-06-07 00:00:00,,3203.59301757813
Domue,MZ100101,,,,Angonia,MZ1001,Tete,MZ10,Mozambique,Moçambique,MZ,2019-04-02 00:00:00,2019-06-07 00:00:00,,2121.0517578125
Dondo,MZ090701,,,,Dondo,MZ0907,Sofala,MZ09,Mozambique,Moçambique,MZ,2019-04-02 00:00:00,2019-06-07 00:00:00,,1548.14807128906
Espungabera,MZ040903,,,,Mossurize,MZ0409,Manica,MZ04,Mozambique,Moçambique,MZ,2019-04-02 00:00:00,2019-06-07 00:00:00,,519.984680175781
Estaquinha,MZ090102,,,,Buzi,MZ0901,Sofala,MZ09,Mozambique,Moçambique,MZ,2019-04-02 00:00:00,2019-06-07 00:00:00,,1475.27087402344
Etarara,MZ080302,,,,Cuamba,MZ0803,Niassa,MZ08,Mozambique,Moçambique,MZ,2019-04-02 00:00:00,2019-06-07 00:00:00,,1351.75146484375
Fingoe,MZ101103,,,,Maravia,MZ1011,Tete,MZ10,Mozambique,Moçambique,MZ,2019-04-02 00:00:00,2019-06-07 00:00:00,,4892.087890625
Funhalouro,MZ030201,,,,Funhalouro,MZ0302,Inhambane,MZ03,Mozambique,Moçambique,MZ,2019-04-02 00:00:00,2019-06-07 00:00:00,,8797.1103515625
Furancungo,MZ100802,,,,Macanga,MZ1008,Tete,MZ10,Mozambique,Moçambique,MZ,2019-04-02 00:00:00,2019-06-07 00:00:00,,5335.8359375
Galinha,MZ091201,,,,Muanza,MZ0912,Sofala,MZ09,Mozambique,Moçambique,MZ,2019-04-02 00:00:00,2019-06-07 00:00:00,,5907.57373046875
Gile,MZ110502,,,,Gile,MZ1105,Zambezia,MZ11,Mozambique,Moçambique,MZ,2019-04-02 00:00:00,2019-06-07 00:00:00,,5076.3896484375
Godide,MZ020205,,,,Chibuto,MZ0202,Gaza,MZ02,Mozambique,Moçambique,MZ,2019-04-02 00:00:00,2019-06-07 00:00:00,,559.021362304688
Gondola,MZ040303,,,,Gondola,MZ0403,Manica,MZ04,Mozambique,Moçambique,MZ,2019-04-02 00:00:00,2019-06-07 00:00:00,,52.6311340332031
Gonhane,MZ110801,,,,Inhassunge,MZ1108,Zambezia,MZ11,Mozambique,Moçambique,MZ,2019-04-02 00:00:00,2019-06-07 00:00:00,,249.111679077148
Goonda,MZ090502,,,,Chibabava,MZ0905,Sofala,MZ09,Mozambique,Moçambique,MZ,2019-04-02 00:00:00,2019-06-07 00:00:00,,2149.21362304688
Gorongosa,MZ090801,,,,Gorongosa,MZ0908,Sofala,MZ09,Mozambique,Moçambique,MZ,2019-04-02 00:00:00,2019-06-07 00:00:00,,2996.19360351563
Guro,MZ040401,,,,Guro,MZ0404,Manica,MZ04,Mozambique,Moçambique,MZ,2019-04-02 00:00:00,2019-06-07 00:00:00,,1113.52624511719
Gurue,MZ110601,,,,Gurue,MZ1106,Zambezia,MZ11,Mozambique,Moçambique,MZ,2019-04-02 00:00:00,2019-06-07 00:00:00,,1442.60229492188
Homoine,MZ030401,,,,Homoine,MZ0304,Inhambane,MZ03,Mozambique,Moçambique,MZ,2019-04-02 00:00:00,2019-06-07 00:00:00,,1037.33056640625
Hucula,MZ011401,,,,Namuno,MZ0114,Cabo Delgado,MZ01,Mozambique,Moçambique,MZ,2019-04-02 00:00:00,2019-06-07 00:00:00,,761.687194824219
Iapala,MZ072302,,,,Ribaue,MZ0723,Nampula,MZ07,Mozambique,Moçambique,MZ,2019-04-02 00:00:00,2019-06-07 00:00:00,,2622.5634765625
Ibo,MZ010501,,,,Ibo,MZ0105,Cabo Delgado,MZ01,Mozambique,Moçambique,MZ,2019-04-02 00:00:00,2019-06-07 00:00:00,,58.3322105407715
Ile,MZ110701,,,,Ile,MZ1107,Zambezia,MZ11,Mozambique,Moçambique,MZ,2019-04-02 00:00:00,2019-06-07 00:00:00,,2070.59765625
Ilha De Moçambique,MZ070401,Ilha De Mocambique,,,Ilha De Moçambique,MZ0704,Nampula,MZ07,Mozambique,Moçambique,MZ,2019-04-02 00:00:00,2019-06-07 00:00:00,,50.307918548584
Ilha Josina Machel,MZ050402,,,,Manhiça,MZ0504,Maputo,MZ05,Mozambique,Moçambique,MZ,2019-04-02 00:00:00,2019-06-07 00:00:00,,192.465148925781
Ilha Licom,MZ080401,,,,Ilha Licom,MZ0804,Niassa,MZ08,Mozambique,Moçambique,MZ,2019-04-02 00:00:00,2019-06-07 00:00:00,,29.3521995544434
Ilha Risunodo,MZ080501,,,,Ilha Risunodo,MZ0805,Niassa,MZ08,Mozambique,Moçambique,MZ,2019-04-02 00:00:00,2019-06-07 00:00:00,,8.39236545562744
Imala,MZ071701,,,,Muecate,MZ0717,Nampula,MZ07,Mozambique,Moçambique,MZ,2019-04-02 00:00:00,2019-06-07 00:00:00,,1220.00402832031
Imbuo,MZ011202,,,,Mueda,MZ0112,Cabo Delgado,MZ01,Mozambique,Moçambique,MZ,2019-04-02 00:00:00,2019-06-07 00:00:00,,529.821044921875
Impiri,MZ010202,,,,Balama,MZ0102,Cabo Delgado,MZ01,Mozambique,Moçambique,MZ,2019-04-02 00:00:00,2019-06-07 00:00:00,,771.520385742188
Inchope,MZ040304,,,,Gondola,MZ0403,Manica,MZ04,Mozambique,Moçambique,MZ,2019-04-02 00:00:00,2019-06-07 00:00:00,,1017.42132568359
Inhaminga,MZ090401,,,,Cheringoma,MZ0904,Sofala,MZ09,Mozambique,Moçambique,MZ,2019-04-02 00:00:00,2019-06-07 00:00:00,,5397.64794921875
Inhamitanga,MZ090402,,,,Cheringoma,MZ0904,Sofala,MZ09,Mozambique,Moçambique,MZ,2019-04-02 00:00:00,2019-06-07 00:00:00,,1706.10925292969
Inhangoma,MZ101302,,,,Mutarara,MZ1013,Tete,MZ10,Mozambique,Moçambique,MZ,2019-04-02 00:00:00,2019-06-07 00:00:00,,774.553833007813
Inharrime,MZ030501,,,,Inharrime,MZ0305,Inhambane,MZ03,Mozambique,Moçambique,MZ,2019-04-02 00:00:00,2019-06-07 00:00:00,,1110.00708007813
Inhassoro,MZ030602,,,,Inhassoro,MZ0306,Inhambane,MZ03,Mozambique,Moçambique,MZ,2019-04-02 00:00:00,2019-06-07 00:00:00,,4644.46923828125
Inhassunge,MZ110802,,,,Inhassunge,MZ1108,Zambezia,MZ11,Mozambique,Moçambique,MZ,2019-04-02 00:00:00,2019-06-07 00:00:00,,505.308288574219
Insaca,MZ081302,,,,Mecanhelas,MZ0813,Niassa,MZ08,Mozambique,Moçambique,MZ,2019-04-02 00:00:00,2019-06-07 00:00:00,,2854.06103515625
Intete,MZ072101,,,,Nacaroa,MZ0721,Nampula,MZ07,Mozambique,Moçambique,MZ,2019-04-02 00:00:00,2019-06-07 00:00:00,,684.725036621094
Itepela,MZ081701,,,,Ngauma,MZ0817,Niassa,MZ08,Mozambique,Moçambique,MZ,2019-04-02 00:00:00,2019-06-07 00:00:00,,1421.97705078125
Itoculo,MZ071501,,,,Monapo,MZ0715,Nampula,MZ07,Mozambique,Moçambique,MZ,2019-04-02 00:00:00,2019-06-07 00:00:00,,1242.73376464844
Iuluti,MZ071302,,,,Mogovolas,MZ0713,Nampula,MZ07,Mozambique,Moçambique,MZ,2019-04-02 00:00:00,2019-06-07 00:00:00,,1390.45202636719
Jangamo,MZ030702,,,,Jangamo,MZ0307,Inhambane,MZ03,Mozambique,Moçambique,MZ,2019-04-02 00:00:00,2019-06-07 00:00:00,,665.635498046875
Kambulatsisi,MZ101201,,,,Moatize,MZ1012,Tete,MZ10,Mozambique,Moçambique,MZ,2019-04-02 00:00:00,2019-06-07 00:00:00,,1858.4287109375
Katapua,MZ010303,,,,Chiure,MZ0103,Cabo Delgado,MZ01,Mozambique,Moçambique,MZ,2019-04-02 00:00:00,2019-06-07 00:00:00,,1675.22131347656
Kazula,MZ100501,,,,Chiuta,MZ1005,Tete,MZ10,Mozambique,Moçambique,MZ,2019-04-02 00:00:00,2019-06-07 00:00:00,,3012.3466796875
Kuekue,MZ010203,,,,Balama,MZ0102,Cabo Delgado,MZ01,Mozambique,Moçambique,MZ,2019-04-02 00:00:00,2019-06-07 00:00:00,,2470.26147460938
Lago Niassa,MZ080701,,,,Lago Niassa,MZ0807,Niassa,MZ08,Mozambique,Moçambique,MZ,2019-04-02 00:00:00,2019-06-07 00:00:00,,6932.97900390625
Lalaua,MZ070501,,,,Lalaua,MZ0705,Nampula,MZ07,Mozambique,Moçambique,MZ,2019-04-02 00:00:00,2019-06-07 00:00:00,,2871.22265625
Larde,MZ070601,,,,Larde,MZ0706,Nampula,MZ07,Mozambique,Moçambique,MZ,2019-04-02 00:00:00,2019-06-07 00:00:00,,734.887023925781
Lioma,MZ110602,,,,Gurue,MZ1106,Zambezia,MZ11,Mozambique,Moçambique,MZ,2019-04-02 00:00:00,2019-06-07 00:00:00,,2911.74462890625
Lionde,MZ020502,,,,Chokwe,MZ0205,Gaza,MZ02,Mozambique,Moçambique,MZ,2019-04-02 00:00:00,2019-06-07 00:00:00,,928.268798828125
Lione,MZ080102,,,,Chimbonila,MZ0801,Niassa,MZ08,Mozambique,Moçambique,MZ,2019-04-02 00:00:00,2019-06-07 00:00:00,,874.467041015625
Liúpo,MZ070701,Liupo,,,Liúpo,MZ0707,Nampula,MZ07,Mozambique,Moçambique,MZ,2019-04-02 00:00:00,2019-06-07 00:00:00,,1363.10668945313
Luabo,MZ110901,,,,Luabo,MZ1109,Zambezia,MZ11,Mozambique,Moçambique,MZ,2019-04-02 00:00:00,2019-06-07 00:00:00,,1119.50500488281
Luenha,MZ100302,,,,Changara,MZ1003,Tete,MZ10,Mozambique,Moçambique,MZ,2019-04-02 00:00:00,2019-06-07 00:00:00,,2247.3818359375
Lugela,MZ111001,,,,Lugela,MZ1110,Zambezia,MZ11,Mozambique,Moçambique,MZ,2019-04-02 00:00:00,2019-06-07 00:00:00,,952.332885742188
Lumbo,MZ070402,,,,Ilha De Moçambique,MZ0704,Nampula,MZ07,Mozambique,Moçambique,MZ,2019-04-02 00:00:00,2019-06-07 00:00:00,,130.908447265625
Lunga,MZ071601,,,,Mossuril,MZ0716,Nampula,MZ07,Mozambique,Moçambique,MZ,2019-04-02 00:00:00,2019-06-07 00:00:00,,1825.34692382813
Lunho,MZ080602,,,,Lago,MZ0806,Niassa,MZ08,Mozambique,Moçambique,MZ,2019-04-02 00:00:00,2019-06-07 00:00:00,,946.396911621094
Lurio,MZ071102,,,,Memba,MZ0711,Nampula,MZ07,Mozambique,Moçambique,MZ,2019-04-02 00:00:00,2019-06-07 00:00:00,,710.876770019531
Lurio,MZ080303,,,,Cuamba,MZ0803,Niassa,MZ08,Mozambique,Moçambique,MZ,2019-04-02 00:00:00,2019-06-07 00:00:00,,1832.35095214844
Lussimbesse,MZ081901,,,,Sanga,MZ0819,Niassa,MZ08,Mozambique,Moçambique,MZ,2019-04-02 00:00:00,2019-06-07 00:00:00,,820.106872558594
M'Sawize,MZ081201,MSawize,,,Mavago,MZ0812,Niassa,MZ08,Mozambique,Moçambique,MZ,2019-04-02 00:00:00,2019-06-07 00:00:00,,4946.20458984375
M'Tamba,MZ011501,MTamba,,,Nangade,MZ0115,Cabo Delgado,MZ01,Mozambique,Moçambique,MZ,2019-04-02 00:00:00,2019-06-07 00:00:00,,1026.85485839844
Mabalane,MZ021002,,,,Mabalane,MZ0210,Gaza,MZ02,Mozambique,Moçambique,MZ,2019-04-02 00:00:00,2019-06-07 00:00:00,,2061.44506835938
Mabote,MZ030801,,,,Mabote,MZ0308,Inhambane,MZ03,Mozambique,Moçambique,MZ,2019-04-02 00:00:00,2019-06-07 00:00:00,,4936.81298828125
Macaloge,MZ081902,,,,Sanga,MZ0819,Niassa,MZ08,Mozambique,Moçambique,MZ,2019-04-02 00:00:00,2019-06-07 00:00:00,,4493.12060546875
Macarretane,MZ020503,,,,Chokwe,MZ0205,Gaza,MZ02,Mozambique,Moçambique,MZ,2019-04-02 00:00:00,2019-06-07 00:00:00,,1023.5849609375
Macate,MZ040501,,,,Macate,MZ0405,Manica,MZ04,Mozambique,Moçambique,MZ,2019-04-02 00:00:00,2019-06-07 00:00:00,,1433.6357421875
Machanga,MZ090902,,,,Machanga,MZ0909,Sofala,MZ09,Mozambique,Moçambique,MZ,2019-04-02 00:00:00,2019-06-07 00:00:00,,3757.32666015625
Machipanda,MZ040801,,,,Manica,MZ0408,Manica,MZ04,Mozambique,Moçambique,MZ,2019-04-02 00:00:00,2019-06-07 00:00:00,,588.988586425781
Machoca,MZ011402,,,,Namuno,MZ0114,Cabo Delgado,MZ01,Mozambique,Moçambique,MZ,2019-04-02 00:00:00,2019-06-07 00:00:00,,930.734680175781
Machubo,MZ050501,,,,Marracuene,MZ0505,Maputo,MZ05,Mozambique,Moçambique,MZ,2019-04-02 00:00:00,2019-06-07 00:00:00,,231.969009399414
Macia,MZ020101,,,,Bilene,MZ0201,Gaza,MZ02,Mozambique,Moçambique,MZ,2019-04-02 00:00:00,2019-06-07 00:00:00,,87.1823043823242
Macomia,MZ010602,,,,Macomia,MZ0106,Cabo Delgado,MZ01,Mozambique,Moçambique,MZ,2019-04-02 00:00:00,2019-06-07 00:00:00,,1378.24792480469
Macossa,MZ040701,,,,Macossa,MZ0407,Manica,MZ04,Mozambique,Moçambique,MZ,2019-04-02 00:00:00,2019-06-07 00:00:00,,5607.94140625
Macuacua,MZ021103,,,,Mandlakaze,MZ0211,Gaza,MZ02,Mozambique,Moçambique,MZ,2019-04-02 00:00:00,2019-06-07 00:00:00,,1060.71105957031
Macuze,MZ112001,,,,Namacurra,MZ1120,Zambezia,MZ11,Mozambique,Moçambique,MZ,2019-04-02 00:00:00,2019-06-07 00:00:00,,644.968017578125
Madzucane,MZ020602,,,,Chongoene,MZ0206,Gaza,MZ02,Mozambique,Moçambique,MZ,2019-04-02 00:00:00,2019-06-07 00:00:00,,265.079315185547
Mafambisse,MZ090702,,,,Dondo,MZ0907,Sofala,MZ09,Mozambique,Moçambique,MZ,2019-04-02 00:00:00,2019-06-07 00:00:00,,759.927490234375
Maganja,MZ111101,,,,Maganja Da Costa,MZ1111,Zambezia,MZ11,Mozambique,Moçambique,MZ,2019-04-02 00:00:00,2019-06-07 00:00:00,,1548.00634765625
Magude,MZ050301,,,,Magude,MZ0503,Maputo,MZ05,Mozambique,Moçambique,MZ,2019-04-02 00:00:00,2019-06-07 00:00:00,,1801.45166015625
Mahate,MZ011802,,,,Quissanga,MZ0118,Cabo Delgado,MZ01,Mozambique,Moçambique,MZ,2019-04-02 00:00:00,2019-06-07 00:00:00,,875.351745605469
Mahele,MZ050302,,,,Magude,MZ0503,Maputo,MZ05,Mozambique,Moçambique,MZ,2019-04-02 00:00:00,2019-06-07 00:00:00,,865.746765136719
Maiaca,MZ081101,,,,Maua,MZ0811,Niassa,MZ08,Mozambique,Moçambique,MZ,2019-04-02 00:00:00,2019-06-07 00:00:00,,1912.28295898438
Majaua,MZ111301,,,,Milange,MZ1113,Zambezia,MZ11,Mozambique,Moçambique,MZ,2019-04-02 00:00:00,2019-06-07 00:00:00,,653.663452148438
Makluane,MZ020102,,,,Bilene,MZ0201,Gaza,MZ02,Mozambique,Moçambique,MZ,2019-04-02 00:00:00,2019-06-07 00:00:00,,539.697570800781
Malanga,MZ080801,,,,Majune,MZ0808,Niassa,MZ08,Mozambique,Moçambique,MZ,2019-04-02 00:00:00,2019-06-07 00:00:00,,5259.5712890625
Malehice,MZ020206,,,,Chibuto,MZ0202,Gaza,MZ02,Mozambique,Moçambique,MZ,2019-04-02 00:00:00,2019-06-07 00:00:00,,486.248565673828
Malema,MZ070802,,,,Malema,MZ0708,Nampula,MZ07,Mozambique,Moçambique,MZ,2019-04-02 00:00:00,2019-06-07 00:00:00,,2359.03881835938
Malowera,MZ101104,,,,Maravia,MZ1011,Tete,MZ10,Mozambique,Moçambique,MZ,2019-04-02 00:00:00,2019-06-07 00:00:00,,5175.27685546875
Maluana,MZ050403,,,,Manhiça,MZ0504,Maputo,MZ05,Mozambique,Moçambique,MZ,2019-04-02 00:00:00,2019-06-07 00:00:00,,450.165802001953
Mandie,MZ040402,,,,Guro,MZ0404,Manica,MZ04,Mozambique,Moçambique,MZ,2019-04-02 00:00:00,2019-06-07 00:00:00,,1168.98376464844
Mandimba,MZ080901,,,,Mandimba,MZ0809,Niassa,MZ08,Mozambique,Moçambique,MZ,2019-04-02 00:00:00,2019-06-07 00:00:00,,1535.42504882813
Mandlakaze,MZ021104,,,,Mandlakaze,MZ0211,Gaza,MZ02,Mozambique,Moçambique,MZ,2019-04-02 00:00:00,2019-06-07 00:00:00,,97.8162155151367
Manhiça,MZ050404,Manhica,,,Manhiça,MZ0504,Maputo,MZ05,Mozambique,Moçambique,MZ,2019-04-02 00:00:00,2019-06-07 00:00:00,,412.115264892578
Maniamba,MZ080603,,,,Lago,MZ0806,Niassa,MZ08,Mozambique,Moçambique,MZ,2019-04-02 00:00:00,2019-06-07 00:00:00,,1263.45764160156
Manica,MZ040802,,,,Manica,MZ0408,Manica,MZ04,Mozambique,Moçambique,MZ,2019-04-02 00:00:00,2019-06-07 00:00:00,,121.439437866211
Manje,MZ100502,,,,Chiuta,MZ1005,Tete,MZ10,Mozambique,Moçambique,MZ,2019-04-02 00:00:00,2019-06-07 00:00:00,,4111.90576171875
Mapai,MZ021201,,,,Mapai,MZ0212,Gaza,MZ02,Mozambique,Moçambique,MZ,2019-04-02 00:00:00,2019-06-07 00:00:00,,11601.4814453125
Mapinhane,MZ031301,,,,Vilankulo,MZ0313,Inhambane,MZ03,Mozambique,Moçambique,MZ,2019-04-02 00:00:00,2019-06-07 00:00:00,,4047.42333984375
Mapulanguene,MZ050303,,,,Magude,MZ0503,Maputo,MZ05,Mozambique,Moçambique,MZ,2019-04-02 00:00:00,2019-06-07 00:00:00,,2670.7734375
Mapupulo,MZ011101,,,,Montepuez,MZ0111,Cabo Delgado,MZ01,Mozambique,Moçambique,MZ,2019-04-02 00:00:00,2019-06-07 00:00:00,,742.706481933594
Maquival,MZ111201,,,,Maquival,MZ1112,Zambezia,MZ11,Mozambique,Moçambique,MZ,2019-04-02 00:00:00,2019-06-07 00:00:00,,617.401123046875
Marangira,MZ081001,,,,Marrupa,MZ0810,Niassa,MZ08,Mozambique,Moçambique,MZ,2019-04-02 00:00:00,2019-06-07 00:00:00,,6768.59521484375
Marara,MZ101001,,,,Marara,MZ1010,Tete,MZ10,Mozambique,Moçambique,MZ,2019-04-02 00:00:00,2019-06-07 00:00:00,,2715.853515625
Maringue,MZ091002,,,,Maringue,MZ0910,Sofala,MZ09,Mozambique,Moçambique,MZ,2019-04-02 00:00:00,2019-06-07 00:00:00,,2223.52905273438
Marracuene,MZ050502,,,,Marracuene,MZ0505,Maputo,MZ05,Mozambique,Moçambique,MZ,2019-04-02 00:00:00,2019-06-07 00:00:00,,465.120391845703
Marromeu,MZ091102,,,,Marromeu,MZ0911,Sofala,MZ09,Mozambique,Moçambique,MZ,2019-04-02 00:00:00,2019-06-07 00:00:00,,3752.326171875
Marrupa,MZ081002,,,,Marrupa,MZ0810,Niassa,MZ08,Mozambique,Moçambique,MZ,2019-04-02 00:00:00,2019-06-07 00:00:00,,7421.17626953125
Massangena,MZ021301,,,,Massangena,MZ0213,Gaza,MZ02,Mozambique,Moçambique,MZ,2019-04-02 00:00:00,2019-06-07 00:00:00,,1877.16687011719
Massangulo,MZ081702,,,,Ngauma,MZ0817,Niassa,MZ08,Mozambique,Moçambique,MZ,2019-04-02 00:00:00,2019-06-07 00:00:00,,1583.05541992188
Massinga,MZ030902,,,,Massinga,MZ0309,Inhambane,MZ03,Mozambique,Moçambique,MZ,2019-04-02 00:00:00,2019-06-07 00:00:00,,2064.744140625
Massingir,MZ021401,,,,Massingir,MZ0214,Gaza,MZ02,Mozambique,Moçambique,MZ,2019-04-02 00:00:00,2019-06-07 00:00:00,,1710.37939453125
Matchedje,MZ081903,,,,Sanga,MZ0819,Niassa,MZ08,Mozambique,Moçambique,MZ,2019-04-02 00:00:00,2019-06-07 00:00:00,,5157.81689453125
Matibane,MZ071602,,,,Mossuril,MZ0716,Nampula,MZ07,Mozambique,Moçambique,MZ,2019-04-02 00:00:00,2019-06-07 00:00:00,,707.402282714844
Matola Rio,MZ050102,,,,Boane,MZ0501,Maputo,MZ05,Mozambique,Moçambique,MZ,2019-04-02 00:00:00,2019-06-07 00:00:00,,205.828063964844
Matondovela,MZ081401,,,,Mecula,MZ0814,Niassa,MZ08,Mozambique,Moçambique,MZ,2019-04-02 00:00:00,2019-06-07 00:00:00,,8349.0009765625
Matsinho,MZ041201,,,,Vanduzi,MZ0412,Manica,MZ04,Mozambique,Moçambique,MZ,2019-04-02 00:00:00,2019-06-07 00:00:00,,1307.15393066406
Maua,MZ081102,,,,Maua,MZ0811,Niassa,MZ08,Mozambique,Moçambique,MZ,2019-04-02 00:00:00,2019-06-07 00:00:00,,6134.25244140625
Mavago,MZ081202,,,,Mavago,MZ0812,Niassa,MZ08,Mozambique,Moçambique,MZ,2019-04-02 00:00:00,2019-06-07 00:00:00,,4248.400390625
Mavala,MZ010204,,,,Balama,MZ0102,Cabo Delgado,MZ01,Mozambique,Moçambique,MZ,2019-04-02 00:00:00,2019-06-07 00:00:00,,1284.326171875
Mavodze,MZ021402,,,,Massingir,MZ0214,Gaza,MZ02,Mozambique,Moçambique,MZ,2019-04-02 00:00:00,2019-06-07 00:00:00,,3037.30615234375
Mavonde,MZ040803,,,,Manica,MZ0408,Manica,MZ04,Mozambique,Moçambique,MZ,2019-04-02 00:00:00,2019-06-07 00:00:00,,1001.66333007813
Mavue,MZ021302,,,,Massangena,MZ0213,Gaza,MZ02,Mozambique,Moçambique,MZ,2019-04-02 00:00:00,2019-06-07 00:00:00,,5667.39013671875
Mawayela,MZ031201,,,,Panda,MZ0312,Inhambane,MZ03,Mozambique,Moçambique,MZ,2019-04-02 00:00:00,2019-06-07 00:00:00,,2771.05395507813
Maxixe,MZ031001,,,,Maxixe,MZ0310,Inhambane,MZ03,Mozambique,Moçambique,MZ,2019-04-02 00:00:00,2019-06-07 00:00:00,,267.740753173828
Mazeze,MZ010304,,,,Chiure,MZ0103,Cabo Delgado,MZ01,Mozambique,Moçambique,MZ,2019-04-02 00:00:00,2019-06-07 00:00:00,,692.682495117188
Mazivila,MZ020103,,,,Bilene,MZ0201,Gaza,MZ02,Mozambique,Moçambique,MZ,2019-04-02 00:00:00,2019-06-07 00:00:00,,378.404571533203
Mazula,MZ071103,,,,Memba,MZ0711,Nampula,MZ07,Mozambique,Moçambique,MZ,2019-04-02 00:00:00,2019-06-07 00:00:00,,1569.54052734375
Mbau,MZ011002,,,,Mocimboa Da Praia,MZ0110,Cabo Delgado,MZ01,Mozambique,Moçambique,MZ,2019-04-02 00:00:00,2019-06-07 00:00:00,,784.8671875
Meconta,MZ070903,,,,Meconta,MZ0709,Nampula,MZ07,Mozambique,Moçambique,MZ,2019-04-02 00:00:00,2019-06-07 00:00:00,,459.890380859375
Mecuburi,MZ071001,,,,Mecuburi,MZ0710,Nampula,MZ07,Mozambique,Moçambique,MZ,2019-04-02 00:00:00,2019-06-07 00:00:00,,3640.81298828125
Mecufi,MZ010701,,,,Mecufi,MZ0107,Cabo Delgado,MZ01,Mozambique,Moçambique,MZ,2019-04-02 00:00:00,2019-06-07 00:00:00,,619.935485839844
Mecula,MZ081402,,,,Mecula,MZ0814,Niassa,MZ08,Mozambique,Moçambique,MZ,2019-04-02 00:00:00,2019-06-07 00:00:00,,9666.4541015625
Megaza,MZ111802,,,,Morrumbala,MZ1118,Zambezia,MZ11,Mozambique,Moçambique,MZ,2019-04-02 00:00:00,2019-06-07 00:00:00,,1584.6650390625
Meloco,MZ011403,,,,Namuno,MZ0114,Cabo Delgado,MZ01,Mozambique,Moçambique,MZ,2019-04-02 00:00:00,2019-06-07 00:00:00,,1406.10729980469
Meluco,MZ010801,,,,Meluco,MZ0108,Cabo Delgado,MZ01,Mozambique,Moçambique,MZ,2019-04-02 00:00:00,2019-06-07 00:00:00,,4524.68603515625
Memba,MZ071104,,,,Memba,MZ0711,Nampula,MZ07,Mozambique,Moçambique,MZ,2019-04-02 00:00:00,2019-06-07 00:00:00,,1385.27917480469
Meponda,MZ080103,,,,Chimbonila,MZ0801,Niassa,MZ08,Mozambique,Moçambique,MZ,2019-04-02 00:00:00,2019-06-07 00:00:00,,818.906677246094
Mepuagiua,MZ110603,,,,Gurue,MZ1106,Zambezia,MZ11,Mozambique,Moçambique,MZ,2019-04-02 00:00:00,2019-06-07 00:00:00,,1289.09350585938
Mesa,MZ010102,,,,Ancuabe,MZ0101,Cabo Delgado,MZ01,Mozambique,Moçambique,MZ,2019-04-02 00:00:00,2019-06-07 00:00:00,,1413.69506835938
Messano,MZ020104,,,,Bilene,MZ0201,Gaza,MZ02,Mozambique,Moçambique,MZ,2019-04-02 00:00:00,2019-06-07 00:00:00,,367.898406982422
Messica,MZ040804,,,,Manica,MZ0408,Manica,MZ04,Mozambique,Moçambique,MZ,2019-04-02 00:00:00,2019-06-07 00:00:00,,821.593139648438
Metangula,MZ080604,,,,Lago,MZ0806,Niassa,MZ08,Mozambique,Moçambique,MZ,2019-04-02 00:00:00,2019-06-07 00:00:00,,827.588562011719
Metarica,MZ081501,,,,Metarica,MZ0815,Niassa,MZ08,Mozambique,Moçambique,MZ,2019-04-02 00:00:00,2019-06-07 00:00:00,,2613.71508789063
Meti,MZ070502,,,,Lalaua,MZ0705,Nampula,MZ07,Mozambique,Moçambique,MZ,2019-04-02 00:00:00,2019-06-07 00:00:00,,1660.23583984375
Metoro,MZ010103,,,,Ancuabe,MZ0101,Cabo Delgado,MZ01,Mozambique,Moçambique,MZ,2019-04-02 00:00:00,2019-06-07 00:00:00,,1417.71057128906
Metuge,MZ010901,,,,Metuge,MZ0109,Cabo Delgado,MZ01,Mozambique,Moçambique,MZ,2019-04-02 00:00:00,2019-06-07 00:00:00,,1460.26098632813
Micaune,MZ110202,,,,Chinde,MZ1102,Zambezia,MZ11,Mozambique,Moçambique,MZ,2019-04-02 00:00:00,2019-06-07 00:00:00,,2092.38623046875
Mieze,MZ010902,,,,Metuge,MZ0109,Cabo Delgado,MZ01,Mozambique,Moçambique,MZ,2019-04-02 00:00:00,2019-06-07 00:00:00,,128.07958984375
Milange,MZ111302,,,,Milange,MZ1113,Zambezia,MZ11,Mozambique,Moçambique,MZ,2019-04-02 00:00:00,2019-06-07 00:00:00,,3432.20825195313
Milhana,MZ071002,,,,Mecuburi,MZ0710,Nampula,MZ07,Mozambique,Moçambique,MZ,2019-04-02 00:00:00,2019-06-07 00:00:00,,1275.3681640625
Mirate,MZ011102,,,,Montepuez,MZ0111,Cabo Delgado,MZ01,Mozambique,Moçambique,MZ,2019-04-02 00:00:00,2019-06-07 00:00:00,,3118.25415039063
Mitande,MZ080902,,,,Mandimba,MZ0809,Niassa,MZ08,Mozambique,Moçambique,MZ,2019-04-02 00:00:00,2019-06-07 00:00:00,,3144.79125976563
Miteda,MZ011302,,,,Muidumbe,MZ0113,Cabo Delgado,MZ01,Mozambique,Moçambique,MZ,2019-04-02 00:00:00,2019-06-07 00:00:00,,473.822906494141
Moamba,MZ050701,,,,Moamba,MZ0507,Maputo,MZ05,Mozambique,Moçambique,MZ,2019-04-02 00:00:00,2019-06-07 00:00:00,,1468.10266113281
Moatize,MZ101202,,,,Moatize,MZ1012,Tete,MZ10,Mozambique,Moçambique,MZ,2019-04-02 00:00:00,2019-06-07 00:00:00,,3829.65087890625
Mocimboa Da Praia,MZ011003,,,,Mocimboa Da Praia,MZ0110,Cabo Delgado,MZ01,Mozambique,Moçambique,MZ,2019-04-02 00:00:00,2019-06-07 00:00:00,,1668.28918457031
Mocuba,MZ111401,,,,Mocuba,MZ1114,Zambezia,MZ11,Mozambique,Moçambique,MZ,2019-04-02 00:00:00,2019-06-07 00:00:00,,3649.8857421875
Mocubela,MZ111502,,,,Mocubela,MZ1115,Zambezia,MZ11,Mozambique,Moçambique,MZ,2019-04-02 00:00:00,2019-06-07 00:00:00,,3412.70922851563
Mocumbi,MZ030502,,,,Inharrime,MZ0305,Inhambane,MZ03,Mozambique,Moçambique,MZ,2019-04-02 00:00:00,2019-06-07 00:00:00,,1637.41369628906
Molumbo,MZ111601,,,,Molumbo,MZ1116,Zambezia,MZ11,Mozambique,Moçambique,MZ,2019-04-02 00:00:00,2019-06-07 00:00:00,,4319.73681640625
Moma,MZ071402,,,,Moma,MZ0714,Nampula,MZ07,Mozambique,Moçambique,MZ,2019-04-02 00:00:00,2019-06-07 00:00:00,,2510.029296875
Monapo,MZ071502,,,,Monapo,MZ0715,Nampula,MZ07,Mozambique,Moçambique,MZ,2019-04-02 00:00:00,2019-06-07 00:00:00,,1232.64990234375
Mongue,MZ111303,,,,Milange,MZ1113,Zambezia,MZ11,Mozambique,Moçambique,MZ,2019-04-02 00:00:00,2019-06-07 00:00:00,,1418.38781738281
Montepuez,MZ011103,,,,Montepuez,MZ0111,Cabo Delgado,MZ01,Mozambique,Moçambique,MZ,2019-04-02 00:00:00,2019-06-07 00:00:00,,1210.56823730469
Mopeia,MZ111702,,,,Mopeia,MZ1117,Zambezia,MZ11,Mozambique,Moçambique,MZ,2019-04-02 00:00:00,2019-06-07 00:00:00,,3988.48486328125
Morrumbala,MZ111803,,,,Morrumbala,MZ1118,Zambezia,MZ11,Mozambique,Moçambique,MZ,2019-04-02 00:00:00,2019-06-07 00:00:00,,3116.80297851563
Morrumbene,MZ031101,,,,Morrumbene,MZ0311,Inhambane,MZ03,Mozambique,Moçambique,MZ,2019-04-02 00:00:00,2019-06-07 00:00:00,,554.691528320313
Mossuril,MZ071603,,,,Mossuril,MZ0716,Nampula,MZ07,Mozambique,Moçambique,MZ,2019-04-02 00:00:00,2019-06-07 00:00:00,,847.85009765625
Motaze,MZ050304,,,,Magude,MZ0503,Maputo,MZ05,Mozambique,Moçambique,MZ,2019-04-02 00:00:00,2019-06-07 00:00:00,,964.706237792969
Mphende,MZ100902,,,,Magoe,MZ1009,Tete,MZ10,Mozambique,Moçambique,MZ,2019-04-02 00:00:00,2019-06-07 00:00:00,,1926.08215332031
Muabanama,MZ111002,,,,Lugela,MZ1110,Zambezia,MZ11,Mozambique,Moçambique,MZ,2019-04-02 00:00:00,2019-06-07 00:00:00,,2208.712890625
Muaguide,MZ010802,,,,Meluco,MZ0108,Cabo Delgado,MZ01,Mozambique,Moçambique,MZ,2019-04-02 00:00:00,2019-06-07 00:00:00,,1204.26135253906
Mualadze,MZ100402,,,,Chifunde,MZ1004,Tete,MZ10,Mozambique,Moçambique,MZ,2019-04-02 00:00:00,2019-06-07 00:00:00,,3500.41455078125
Mualama,MZ112301,,,,Pebane,MZ1123,Zambezia,MZ11,Mozambique,Moçambique,MZ,2019-04-02 00:00:00,2019-06-07 00:00:00,,5123.37744140625
Muanza,MZ091202,,,,Muanza,MZ0912,Sofala,MZ09,Mozambique,Moçambique,MZ,2019-04-02 00:00:00,2019-06-07 00:00:00,,1601.89855957031
Muaquia,MZ080802,,,,Majune,MZ0808,Niassa,MZ08,Mozambique,Moçambique,MZ,2019-04-02 00:00:00,2019-06-07 00:00:00,,2967.44213867188
Muatua,MZ071303,,,,Mogovolas,MZ0713,Nampula,MZ07,Mozambique,Moçambique,MZ,2019-04-02 00:00:00,2019-06-07 00:00:00,,604.590515136719
Mubangoene,MZ020803,,,,Guija,MZ0208,Gaza,MZ02,Mozambique,Moçambique,MZ,2019-04-02 00:00:00,2019-06-07 00:00:00,,1215.68579101563
Mucoduene,MZ031102,,,,Morrumbene,MZ0311,Inhambane,MZ03,Mozambique,Moçambique,MZ,2019-04-02 00:00:00,2019-06-07 00:00:00,,2024.00048828125
Mucojo,MZ010603,,,,Macomia,MZ0106,Cabo Delgado,MZ01,Mozambique,Moçambique,MZ,2019-04-02 00:00:00,2019-06-07 00:00:00,,1116.59533691406
Mucuali,MZ070602,,,,Larde,MZ0706,Nampula,MZ07,Mozambique,Moçambique,MZ,2019-04-02 00:00:00,2019-06-07 00:00:00,,1109.19494628906
Muculoene,MZ071702,,,,Muecate,MZ0717,Nampula,MZ07,Mozambique,Moçambique,MZ,2019-04-02 00:00:00,2019-06-07 00:00:00,,978.04833984375
Muecate,MZ071703,,,,Muecate,MZ0717,Nampula,MZ07,Mozambique,Moçambique,MZ,2019-04-02 00:00:00,2019-06-07 00:00:00,,1908.18322753906
Mueda,MZ011203,,,,Mueda,MZ0112,Cabo Delgado,MZ01,Mozambique,Moçambique,MZ,2019-04-02 00:00:00,2019-06-07 00:00:00,,1147.64782714844
Muembe,MZ081602,,,,Muembe,MZ0816,Niassa,MZ08,Mozambique,Moçambique,MZ,2019-04-02 00:00:00,2019-06-07 00:00:00,,1704.73059082031
Mugazine,MZ050603,,,,Matutuine,MZ0506,Maputo,MZ05,Mozambique,Moçambique,MZ,2019-04-02 00:00:00,2019-06-07 00:00:00,,430.664428710938
Mugeba,MZ111402,,,,Mocuba,MZ1114,Zambezia,MZ11,Mozambique,Moçambique,MZ,2019-04-02 00:00:00,2019-06-07 00:00:00,,2106.642578125
Muidumbe,MZ011303,,,,Muidumbe,MZ0113,Cabo Delgado,MZ01,Mozambique,Moçambique,MZ,2019-04-02 00:00:00,2019-06-07 00:00:00,,1096.21240234375
Muipite,MZ081801,,,,Nipepe,MZ0818,Niassa,MZ08,Mozambique,Moçambique,MZ,2019-04-02 00:00:00,2019-06-07 00:00:00,,1057.0439453125
Muite,MZ071003,,,,Mecuburi,MZ0710,Nampula,MZ07,Mozambique,Moçambique,MZ,2019-04-02 00:00:00,2019-06-07 00:00:00,,1497.568359375
Mukumbura,MZ100903,,,,Magoe,MZ1009,Tete,MZ10,Mozambique,Moçambique,MZ,2019-04-02 00:00:00,2019-06-07 00:00:00,,3571.86840820313
Mulevala,MZ111901,,,,Mulevala,MZ1119,Zambezia,MZ11,Mozambique,Moçambique,MZ,2019-04-02 00:00:00,2019-06-07 00:00:00,,2700.98486328125
Mulima,MZ090303,,,,Chemba,MZ0903,Sofala,MZ09,Mozambique,Moçambique,MZ,2019-04-02 00:00:00,2019-06-07 00:00:00,,1598.61975097656
Mungari,MZ040403,,,,Guro,MZ0404,Manica,MZ04,Mozambique,Moçambique,MZ,2019-04-02 00:00:00,2019-06-07 00:00:00,,3241.30419921875
Munhamade,MZ111003,,,,Lugela,MZ1110,Zambezia,MZ11,Mozambique,Moçambique,MZ,2019-04-02 00:00:00,2019-06-07 00:00:00,,1649.59777832031
Muoha,MZ041002,,,,Sussundenga,MZ0410,Manica,MZ04,Mozambique,Moçambique,MZ,2019-04-02 00:00:00,2019-06-07 00:00:00,,927.522644042969
Murraça,MZ090202,Murraca,,,Caia,MZ0902,Sofala,MZ09,Mozambique,Moçambique,MZ,2019-04-02 00:00:00,2019-06-07 00:00:00,,681.783630371094
Murrebue,MZ010702,,,,Mecufi,MZ0107,Cabo Delgado,MZ01,Mozambique,Moçambique,MZ,2019-04-02 00:00:00,2019-06-07 00:00:00,,614.929626464844
Murrupula,MZ071802,,,,Murrupula,MZ0718,Nampula,MZ07,Mozambique,Moçambique,MZ,2019-04-02 00:00:00,2019-06-07 00:00:00,,1957.96740722656
Mutivasse,MZ072202,,,,Rapale,MZ0722,Nampula,MZ07,Mozambique,Moçambique,MZ,2019-04-02 00:00:00,2019-06-07 00:00:00,,809.614013671875
Mutuali,MZ070803,,,,Malema,MZ0708,Nampula,MZ07,Mozambique,Moçambique,MZ,2019-04-02 00:00:00,2019-06-07 00:00:00,,2007.27697753906
Muxungue,MZ090503,,,,Chibabava,MZ0905,Sofala,MZ09,Mozambique,Moçambique,MZ,2019-04-02 00:00:00,2019-06-07 00:00:00,,3822.31640625
Muze,MZ101501,,,,Zumbu,MZ1015,Tete,MZ10,Mozambique,Moçambique,MZ,2019-04-02 00:00:00,2019-06-07 00:00:00,,3320.31787109375
N'Cumpe,MZ011404,NCumpe,,,Namuno,MZ0114,Cabo Delgado,MZ01,Mozambique,Moçambique,MZ,2019-04-02 00:00:00,2019-06-07 00:00:00,,720.645751953125
N'Gapa,MZ011204,NGapa,,,Mueda,MZ0112,Cabo Delgado,MZ01,Mozambique,Moçambique,MZ,2019-04-02 00:00:00,2019-06-07 00:00:00,,4492.71435546875
Naburi,MZ112302,,,,Pebane,MZ1123,Zambezia,MZ11,Mozambique,Moçambique,MZ,2019-04-02 00:00:00,2019-06-07 00:00:00,,3507.62451171875
Nacala,MZ071901,,,,Nacala,MZ0719,Nampula,MZ07,Mozambique,Moçambique,MZ,2019-04-02 00:00:00,2019-06-07 00:00:00,,319.046325683594
Nacala-A-Velha,MZ072002,,,,Nacala-A-Velha,MZ0720,Nampula,MZ07,Mozambique,Moçambique,MZ,2019-04-02 00:00:00,2019-06-07 00:00:00,,845.051940917969
Nacaroa,MZ072102,,,,Nacaroa,MZ0721,Nampula,MZ07,Mozambique,Moçambique,MZ,2019-04-02 00:00:00,2019-06-07 00:00:00,,934.030639648438
Nacumua,MZ081502,,,,Metarica,MZ0815,Niassa,MZ08,Mozambique,Moçambique,MZ,2019-04-02 00:00:00,2019-06-07 00:00:00,,2245.64331054688
Nairoto,MZ011104,,,,Montepuez,MZ0111,Cabo Delgado,MZ01,Mozambique,Moçambique,MZ,2019-04-02 00:00:00,2019-06-07 00:00:00,,12079.6767578125
Nairrubi,MZ080803,,,,Majune,MZ0808,Niassa,MZ08,Mozambique,Moçambique,MZ,2019-04-02 00:00:00,2019-06-07 00:00:00,,3070.69091796875
Nalazi,MZ020804,,,,Guija,MZ0208,Gaza,MZ02,Mozambique,Moçambique,MZ,2019-04-02 00:00:00,2019-06-07 00:00:00,,2215.28466796875
Namaacha,MZ050802,,,,Namaacha,MZ0508,Maputo,MZ05,Mozambique,Moçambique,MZ,2019-04-02 00:00:00,2019-06-07 00:00:00,,1372.93103027344
Namacurra,MZ112002,,,,Namacurra,MZ1120,Zambezia,MZ11,Mozambique,Moçambique,MZ,2019-04-02 00:00:00,2019-06-07 00:00:00,,1375.63781738281
Namaita,MZ072203,,,,Rapale,MZ0722,Nampula,MZ07,Mozambique,Moçambique,MZ,2019-04-02 00:00:00,2019-06-07 00:00:00,,821.766906738281
Namanhumbir,MZ011105,,,,Montepuez,MZ0111,Cabo Delgado,MZ01,Mozambique,Moçambique,MZ,2019-04-02 00:00:00,2019-06-07 00:00:00,,653.876525878906
Namanjavira,MZ111403,,,,Mocuba,MZ1114,Zambezia,MZ11,Mozambique,Moçambique,MZ,2019-04-02 00:00:00,2019-06-07 00:00:00,,3015.72192382813
Namapa,MZ070302,,,,Erati,MZ0703,Nampula,MZ07,Mozambique,Moçambique,MZ,2019-04-02 00:00:00,2019-06-07 00:00:00,,2259.36279296875
Namaponda,MZ070104,,,,Angoche,MZ0701,Nampula,MZ07,Mozambique,Moçambique,MZ,2019-04-02 00:00:00,2019-06-07 00:00:00,,740.189514160156
Namarroi,MZ112101,,,,Namarroi,MZ1121,Zambezia,MZ11,Mozambique,Moçambique,MZ,2019-04-02 00:00:00,2019-06-07 00:00:00,,1373.35754394531
Nametil,MZ071304,,,,Mogovolas,MZ0713,Nampula,MZ07,Mozambique,Moçambique,MZ,2019-04-02 00:00:00,2019-06-07 00:00:00,,911.458862304688
Namialo,MZ070904,,,,Meconta,MZ0709,Nampula,MZ07,Mozambique,Moçambique,MZ,2019-04-02 00:00:00,2019-06-07 00:00:00,,347.8349609375
Namige,MZ071201,,,,Mogincual,MZ0712,Nampula,MZ07,Mozambique,Moçambique,MZ,2019-04-02 00:00:00,2019-06-07 00:00:00,,847.602111816406
Namina,MZ071004,,,,Mecuburi,MZ0710,Nampula,MZ07,Mozambique,Moçambique,MZ,2019-04-02 00:00:00,2019-06-07 00:00:00,,775.724487304688
Namiroa,MZ070303,,,,Erati,MZ0703,Nampula,MZ07,Mozambique,Moçambique,MZ,2019-04-02 00:00:00,2019-06-07 00:00:00,,1528.18981933594
Namogelia,MZ010305,,,,Chiure,MZ0103,Cabo Delgado,MZ01,Mozambique,Moçambique,MZ,2019-04-02 00:00:00,2019-06-07 00:00:00,,711.598876953125
Namuno,MZ011405,,,,Namuno,MZ0114,Cabo Delgado,MZ01,Mozambique,Moçambique,MZ,2019-04-02 00:00:00,2019-06-07 00:00:00,,1239.0947265625
Nangade,MZ011502,,,,Nangade,MZ0115,Cabo Delgado,MZ01,Mozambique,Moçambique,MZ,2019-04-02 00:00:00,2019-06-07 00:00:00,,1939.90087890625
Nanhupo Rio,MZ071305,,,,Mogovolas,MZ0713,Nampula,MZ07,Mozambique,Moçambique,MZ,2019-04-02 00:00:00,2019-06-07 00:00:00,,718.925354003906
Nante,MZ111102,,,,Maganja Da Costa,MZ1111,Zambezia,MZ11,Mozambique,Moçambique,MZ,2019-04-02 00:00:00,2019-06-07 00:00:00,,1324.8359375
Nauela,MZ110102,,,,Alto Molocue,MZ1101,Zambezia,MZ11,Mozambique,Moçambique,MZ,2019-04-02 00:00:00,2019-06-07 00:00:00,,2601.1591796875
Ndelane,MZ050604,,,,Matutuine,MZ0506,Maputo,MZ05,Mozambique,Moçambique,MZ,2019-04-02 00:00:00,2019-06-07 00:00:00,,161.982543945313
Negomano,MZ011205,,,,Mueda,MZ0112,Cabo Delgado,MZ01,Mozambique,Moçambique,MZ,2019-04-02 00:00:00,2019-06-07 00:00:00,,3023.24267578125
Netia,MZ071503,,,,Monapo,MZ0715,Nampula,MZ07,Mozambique,Moçambique,MZ,2019-04-02 00:00:00,2019-06-07 00:00:00,,1039.62707519531
Nguawala,MZ040702,,,,Macossa,MZ0407,Manica,MZ04,Mozambique,Moçambique,MZ,2019-04-02 00:00:00,2019-06-07 00:00:00,,2258.53833007813
Nguzene,MZ020603,,,,Chongoene,MZ0206,Gaza,MZ02,Mozambique,Moçambique,MZ,2019-04-02 00:00:00,2019-06-07 00:00:00,,433.759094238281
Nhacafula,MZ041102,,,,Tambara,MZ0411,Manica,MZ04,Mozambique,Moçambique,MZ,2019-04-02 00:00:00,2019-06-07 00:00:00,,1267.62670898438
Nhacolo,MZ041103,,,,Tambara,MZ0411,Manica,MZ04,Mozambique,Moçambique,MZ,2019-04-02 00:00:00,2019-06-07 00:00:00,,1036.60363769531
Nhamadze,MZ090802,,,,Gorongosa,MZ0908,Sofala,MZ09,Mozambique,Moçambique,MZ,2019-04-02 00:00:00,2019-06-07 00:00:00,,2025.21362304688
Nhamagua,MZ040703,,,,Macossa,MZ0407,Manica,MZ04,Mozambique,Moçambique,MZ,2019-04-02 00:00:00,2019-06-07 00:00:00,,1696.62951660156
Nhamassonge,MZ040404,,,,Guro,MZ0404,Manica,MZ04,Mozambique,Moçambique,MZ,2019-04-02 00:00:00,2019-06-07 00:00:00,,1405.80554199219
Nhamatanda,MZ091301,,,,Nhamatanda,MZ0913,Sofala,MZ09,Mozambique,Moçambique,MZ,2019-04-02 00:00:00,2019-06-07 00:00:00,,2467.09375
Nhamayabue,MZ101303,,,,Mutarara,MZ1013,Tete,MZ10,Mozambique,Moçambique,MZ,2019-04-02 00:00:00,2019-06-07 00:00:00,,1330.78063964844
Nhampassa,MZ040103,,,,Barue,MZ0401,Manica,MZ04,Mozambique,Moçambique,MZ,2019-04-02 00:00:00,2019-06-07 00:00:00,,1986.44055175781
Nicoadala,MZ112201,,,,Nicoadala,MZ1122,Zambezia,MZ11,Mozambique,Moçambique,MZ,2019-04-02 00:00:00,2019-06-07 00:00:00,,2763.43627929688
Nihessiue,MZ071803,,,,Murrupula,MZ0718,Nampula,MZ07,Mozambique,Moçambique,MZ,2019-04-02 00:00:00,2019-06-07 00:00:00,,563.571594238281
Nipepe,MZ081802,,,,Nipepe,MZ0818,Niassa,MZ08,Mozambique,Moçambique,MZ,2019-04-02 00:00:00,2019-06-07 00:00:00,,3943.22509765625
Nova Mambone,MZ030301,,,,Govuro,MZ0303,Inhambane,MZ03,Mozambique,Moçambique,MZ,2019-04-02 00:00:00,2019-06-07 00:00:00,,1681.79895019531
Nsadzu,MZ100403,,,,Chifunde,MZ1004,Tete,MZ10,Mozambique,Moçambique,MZ,2019-04-02 00:00:00,2019-06-07 00:00:00,,2585.29296875
Ntengo-Wa-Mbalame,MZ101401,,,,Tsangano,MZ1014,Tete,MZ10,Mozambique,Moçambique,MZ,2019-04-02 00:00:00,2019-06-07 00:00:00,,1368.40856933594
Ntlavene,MZ021003,,,,Mabalane,MZ0210,Gaza,MZ02,Mozambique,Moçambique,MZ,2019-04-02 00:00:00,2019-06-07 00:00:00,,1747.95300292969
Nungo,MZ081003,,,,Marrupa,MZ0810,Niassa,MZ08,Mozambique,Moçambique,MZ,2019-04-02 00:00:00,2019-06-07 00:00:00,,3265.01416015625
Ocua,MZ010306,,,,Chiure,MZ0103,Cabo Delgado,MZ01,Mozambique,Moçambique,MZ,2019-04-02 00:00:00,2019-06-07 00:00:00,,1048.47839355469
Olumbi,MZ011601,,,,Palma,MZ0116,Cabo Delgado,MZ01,Mozambique,Moçambique,MZ,2019-04-02 00:00:00,2019-06-07 00:00:00,,1232.23693847656
Pafuri,MZ020301,,,,Chicualacuala,MZ0203,Gaza,MZ02,Mozambique,Moçambique,MZ,2019-04-02 00:00:00,2019-06-07 00:00:00,,7060.86474609375
Palma,MZ011602,,,,Palma,MZ0116,Cabo Delgado,MZ01,Mozambique,Moçambique,MZ,2019-04-02 00:00:00,2019-06-07 00:00:00,,898.663024902344
Palmeira,MZ050405,,,,Manhiça,MZ0504,Maputo,MZ05,Mozambique,Moçambique,MZ,2019-04-02 00:00:00,2019-06-07 00:00:00,,566.284118652344
Panda,MZ031202,,,,Panda,MZ0312,Inhambane,MZ03,Mozambique,Moçambique,MZ,2019-04-02 00:00:00,2019-06-07 00:00:00,,2775.009765625
Panjane,MZ050305,,,,Magude,MZ0503,Maputo,MZ05,Mozambique,Moçambique,MZ,2019-04-02 00:00:00,2019-06-07 00:00:00,,662.955017089844
Papai,MZ011406,,,,Namuno,MZ0114,Cabo Delgado,MZ01,Mozambique,Moçambique,MZ,2019-04-02 00:00:00,2019-06-07 00:00:00,,922.536560058594
Pebane,MZ112303,,,,Pebane,MZ1123,Zambezia,MZ11,Mozambique,Moçambique,MZ,2019-04-02 00:00:00,2019-06-07 00:00:00,,1470.81665039063
Pembe,MZ030402,,,,Homoine,MZ0304,Inhambane,MZ03,Mozambique,Moçambique,MZ,2019-04-02 00:00:00,2019-06-07 00:00:00,,879.627319335938
Pessene,MZ050702,,,,Moamba,MZ0507,Maputo,MZ05,Mozambique,Moçambique,MZ,2019-04-02 00:00:00,2019-06-07 00:00:00,,546.315979003906
Praia De Bilene,MZ020105,,,,Bilene,MZ0201,Gaza,MZ02,Mozambique,Moçambique,MZ,2019-04-02 00:00:00,2019-06-07 00:00:00,,291.136962890625
Pundanhar,MZ011603,,,,Palma,MZ0116,Cabo Delgado,MZ01,Mozambique,Moçambique,MZ,2019-04-02 00:00:00,2019-06-07 00:00:00,,784.672607421875
Quinga,MZ070702,,,,Liúpo,MZ0707,Nampula,MZ07,Mozambique,Moçambique,MZ,2019-04-02 00:00:00,2019-06-07 00:00:00,,758.10107421875
Quionga,MZ011604,,,,Palma,MZ0116,Cabo Delgado,MZ01,Mozambique,Moçambique,MZ,2019-04-02 00:00:00,2019-06-07 00:00:00,,606.919372558594
Quirimba,MZ010502,,,,Ibo,MZ0105,Cabo Delgado,MZ01,Mozambique,Moçambique,MZ,2019-04-02 00:00:00,2019-06-07 00:00:00,,15.51979637146
Quissanga,MZ011803,,,,Quissanga,MZ0118,Cabo Delgado,MZ01,Mozambique,Moçambique,MZ,2019-04-02 00:00:00,2019-06-07 00:00:00,,455.298461914063
Quissico,MZ031401,,,,Zavala,MZ0314,Inhambane,MZ03,Mozambique,Moçambique,MZ,2019-04-02 00:00:00,2019-06-07 00:00:00,,1054.92883300781
Quiterajo,MZ010604,,,,Macomia,MZ0106,Cabo Delgado,MZ01,Mozambique,Moçambique,MZ,2019-04-02 00:00:00,2019-06-07 00:00:00,,642.380493164063
Quixaxe,MZ071202,,,,Mogincual,MZ0712,Nampula,MZ07,Mozambique,Moçambique,MZ,2019-04-02 00:00:00,2019-06-07 00:00:00,,1435.47436523438
Rapale,MZ072204,,,,Rapale,MZ0722,Nampula,MZ07,Mozambique,Moçambique,MZ,2019-04-02 00:00:00,2019-06-07 00:00:00,,712.909240722656
Regone,MZ112102,,,,Namarroi,MZ1121,Zambezia,MZ11,Mozambique,Moçambique,MZ,2019-04-02 00:00:00,2019-06-07 00:00:00,,1687.44604492188
Ressano Garcia,MZ050703,,,,Moamba,MZ0507,Maputo,MZ05,Mozambique,Moçambique,MZ,2019-04-02 00:00:00,2019-06-07 00:00:00,,185.780883789063
Ribaue,MZ072303,,,,Ribaue,MZ0723,Nampula,MZ07,Mozambique,Moçambique,MZ,2019-04-02 00:00:00,2019-06-07 00:00:00,,2201.48950195313
Rotanda,MZ041003,,,,Sussundenga,MZ0410,Manica,MZ04,Mozambique,Moçambique,MZ,2019-04-02 00:00:00,2019-06-07 00:00:00,,1694.95703125
Sabie,MZ050704,,,,Moamba,MZ0507,Maputo,MZ05,Mozambique,Moçambique,MZ,2019-04-02 00:00:00,2019-06-07 00:00:00,,2379.7041015625
Saua-Saua,MZ072103,,,,Nacaroa,MZ0721,Nampula,MZ07,Mozambique,Moçambique,MZ,2019-04-02 00:00:00,2019-06-07 00:00:00,,1095.0576171875
Save,MZ030302,,,,Govuro,MZ0303,Inhambane,MZ03,Mozambique,Moçambique,MZ,2019-04-02 00:00:00,2019-06-07 00:00:00,,2285.00048828125
Save,MZ040602,,,,Machaze,MZ0406,Manica,MZ04,Mozambique,Moçambique,MZ,2019-04-02 00:00:00,2019-06-07 00:00:00,,5035.14013671875
Sena,MZ090203,,,,Caia,MZ0902,Sofala,MZ09,Mozambique,Moçambique,MZ,2019-04-02 00:00:00,2019-06-07 00:00:00,,887.953857421875
Socone,MZ110702,,,,Ile,MZ1107,Zambezia,MZ11,Mozambique,Moçambique,MZ,2019-04-02 00:00:00,2019-06-07 00:00:00,,862.890930175781
Sofala,MZ090103,,,,Buzi,MZ0901,Sofala,MZ09,Mozambique,Moçambique,MZ,2019-04-02 00:00:00,2019-06-07 00:00:00,,2333.4072265625
Songo,MZ100203,,,,Cahora Bassa,MZ1002,Tete,MZ10,Mozambique,Moçambique,MZ,2019-04-02 00:00:00,2019-06-07 00:00:00,,594.932983398438
Subwe,MZ091003,,,,Maringue,MZ0910,Sofala,MZ09,Mozambique,Moçambique,MZ,2019-04-02 00:00:00,2019-06-07 00:00:00,,2242.11083984375
Sussundenga,MZ041004,,,,Sussundenga,MZ0410,Manica,MZ04,Mozambique,Moçambique,MZ,2019-04-02 00:00:00,2019-06-07 00:00:00,,1286.54187011719
Tacuane,MZ111004,,,,Lugela,MZ1110,Zambezia,MZ11,Mozambique,Moçambique,MZ,2019-04-02 00:00:00,2019-06-07 00:00:00,,1316.8603515625
Tica,MZ091302,,,,Nhamatanda,MZ0913,Sofala,MZ09,Mozambique,Moçambique,MZ,2019-04-02 00:00:00,2019-06-07 00:00:00,,1548.61987304688
Tome,MZ030202,,,,Funhalouro,MZ0302,Inhambane,MZ03,Mozambique,Moçambique,MZ,2019-04-02 00:00:00,2019-06-07 00:00:00,,4824.3583984375
Tsangano,MZ101402,,,,Tsangano,MZ1014,Tete,MZ10,Mozambique,Moçambique,MZ,2019-04-02 00:00:00,2019-06-07 00:00:00,,2293.66674804688
Ulongue,MZ100102,,,,Angonia,MZ1001,Tete,MZ10,Mozambique,Moçambique,MZ,2019-04-02 00:00:00,2019-06-07 00:00:00,,1139.35546875
Unango,MZ081904,,,,Sanga,MZ0819,Niassa,MZ08,Mozambique,Moçambique,MZ,2019-04-02 00:00:00,2019-06-07 00:00:00,,2025.00549316406
Urrene,MZ031203,,,,Panda,MZ0312,Inhambane,MZ03,Mozambique,Moçambique,MZ,2019-04-02 00:00:00,2019-06-07 00:00:00,,1297.19958496094
Vanduzi,MZ041202,,,,Vanduzi,MZ0412,Manica,MZ04,Mozambique,Moçambique,MZ,2019-04-02 00:00:00,2019-06-07 00:00:00,,1852.62524414063
Vanduzi,MZ090803,,,,Gorongosa,MZ0908,Sofala,MZ09,Mozambique,Moçambique,MZ,2019-04-02 00:00:00,2019-06-07 00:00:00,,1756.64331054688
Vila Eduardo Mondlane,MZ020302,,,,Chicualacuala,MZ0203,Gaza,MZ02,Mozambique,Moçambique,MZ,2019-04-02 00:00:00,2019-06-07 00:00:00,,4330.9130859375
Vilankulo,MZ031302,,,,Vilankulo,MZ0313,Inhambane,MZ03,Mozambique,Moçambique,MZ,2019-04-02 00:00:00,2019-06-07 00:00:00,,1806.07287597656
Xhalala,MZ021105,,,,Mandlakaze,MZ0211,Gaza,MZ02,Mozambique,Moçambique,MZ,2019-04-02 00:00:00,2019-06-07 00:00:00,,171.51286315918
Xilembene,MZ020504,,,,Chokwe,MZ0205,Gaza,MZ02,Mozambique,Moçambique,MZ,2019-04-02 00:00:00,2019-06-07 00:00:00,,441.47265625
Xinavane,MZ050406,,,,Manhiça,MZ0504,Maputo,MZ05,Mozambique,Moçambique,MZ,2019-04-02 00:00:00,2019-06-07 00:00:00,,155.383682250977
Zambue,MZ101502,,,,Zumbu,MZ1015,Tete,MZ10,Mozambique,Moçambique,MZ,2019-04-02 00:00:00,2019-06-07 00:00:00,,3766.39770507813
Zandamela,MZ031402,,,,Zavala,MZ0314,Inhambane,MZ03,Mozambique,Moçambique,MZ,2019-04-02 00:00:00,2019-06-07 00:00:00,,956.196533203125
Zembe,MZ040502,,,,Macate,MZ0405,Manica,MZ04,Mozambique,Moçambique,MZ,2019-04-02 00:00:00,2019-06-07 00:00:00,,346.586608886719
Zimane,MZ030802,,,,Mabote,MZ0308,Inhambane,MZ03,Mozambique,Moçambique,MZ,2019-04-02 00:00:00,2019-06-07 00:00:00,,5635.25830078125
Zinave,MZ030803,,,,Mabote,MZ0308,Inhambane,MZ03,Mozambique,Moçambique,MZ,2019-04-02 00:00:00,2019-06-07 00:00:00,,4762.3427734375
Zitundo,MZ050605,,,,Matutuine,MZ0506,Maputo,MZ05,Mozambique,Moçambique,MZ,2019-04-02 00:00:00,2019-06-07 00:00:00,,864.711364746094
Zobue,MZ101203,,,,Moatize,MZ1012,Tete,MZ10,Mozambique,Moçambique,MZ,2019-04-02 00:00:00,2019-06-07 00:00:00,,2744.05493164063
Zongoene,MZ020903,,,,Limpopo,MZ0209,Gaza,MZ02,Mozambique,Moçambique,MZ,2019-04-02 00:00:00,2019-06-07 00:00:00,,555.523376464844
Zulo,MZ021403,,,,Massingir,MZ0214,Gaza,MZ02,Mozambique,Moçambique,MZ,2019-04-02 00:00:00,2019-06-07 00:00:00,,936.561767578125
Zumbu,MZ101503,,,,Zumbu,MZ1015,Tete,MZ10,Mozambique,Moçambique,MZ,2019-04-02 00:00:00,2019-06-07 00:00:00,,4908.6259765625
